Country,Confirmed,Deaths,Recovered,Active,Population
Brazil,5055888,149639,4502854,5.09795E+11,212559409
China,90778,4739,85658,1.47055E+12,1439323774
India,7053806,108334,6077976,5.14938E+11,1380004385
Russia,1278245,22331,1011911,3.4547E+11,145934460
South Africa,690896,17673,622153,1.29088E+11,59308690
